Type,LGA_Name_2021,Telephone,Email,Website
City of,Albany,(08) 6820 3000,staff@albany.wa.gov.au,www.albany.wa.gov.au
City of,Armadale,(08) 9394 5000,info@armadale.wa.gov.au,www.armadale.wa.gov.au
Shire of,Ashburton,(08) 9188 4444,soa@ashburton.wa.gov.au,www.ashburton.wa.gov.au
Shire of,Augusta Margaret River,(08) 9780 5255,amrshire@amrshire.wa.gov.au,www.amrshire.wa.gov.au
Town of,Bassendean,(08) 9377 8000,mail@bassendean.wa.gov.au,www.bassendean.wa.gov.au
City of,Bayswater,(08) 9272 0622,mail@bayswater.wa.gov.au,www.bayswater.wa.gov.au
City of,Belmont,(08) 9477 7222,belmont@belmont.wa.gov.au,www.belmont.wa.gov.au
Shire of,Beverley,(08) 9646 1200,admin@beverley.wa.gov.au,www.beverley.wa.gov.au
Shire of,Boddington,(08) 9883 4999,shire@boddington.wa.gov.au,www.boddington.wa.gov.au
Shire of,Boyup Brook,(08) 9765 1200,shire@boyupbrook.wa.gov.au,www.boyupbrook.wa.gov.au
Shire of,Bridgetown-Greenbushes,(08) 9761 0800,btnshire@bridgetown.wa.gov.au,www.bridgetown.wa.gov.au
Shire of,Brookton,(08) 9642 1106,mail@brookton.wa.gov.au,www.brookton.wa.gov.au
Shire of,Broome,(08) 9191 3456,shire@broome.wa.gov.au,www.broome.wa.gov.au
Shire of,Broomehill-Tambellup,(08) 9825 3555,mail@shirebt.wa.gov.au,www.shirebt.wa.gov.au
Shire of,Bruce Rock,(08) 9061 1377,admin@brucerock.wa.gov.au,www.brucerock.wa.gov.au
City of,Bunbury,(08) 9792 7000,records@bunbury.wa.gov.au,www.bunbury.wa.gov.au
City of,Busselton,(08) 9781 0444,city@busselton.wa.gov.au,www.busselton.wa.gov.au
Town of,Cambridge,(08) 9347 6000,mail@cambridge.wa.gov.au,www.cambridge.wa.gov.au
City of,Canning,1300 422 664,Contact electronically via the website,www.canning.wa.gov.au
Shire of,Capel,(08) 9727 0222,info@capel.wa.gov.au,www.capel.wa.gov.au
Shire of,Carnamah,(08) 9951 7000,shire@carnamah.wa.gov.au,www.carnamah.wa.gov.au
Shire of,Carnarvon,(08) 9941 0000,shire@carnarvon.wa.gov.au,www.carnarvon.wa.gov.au
Shire of,Chapman Valley,(08) 9920 5011,cso@chapmanvalley.wa.gov.au,www.chapmanvalley.wa.gov.au
Shire of,Chittering,(08) 9576 4600,chatter@chittering.wa.gov.au,www.chittering.wa.gov.au
Shire of,Christmas Island,(08) 9164 8300,admin@shire.gov.cx,www.shire.gov.cx
Town of,Claremont,(08) 9285 4300,toc@claremont.wa.gov.au,www.claremont.wa.gov.au
City of,Cockburn,(08) 9411 3444,customer@cockburn.wa.gov.au,www.cockburn.wa.gov.au
Shire of,Cocos (Keeling) Islands,(08) 9162 6649,info@cocos.wa.gov.au,www.shire.cc/en
Shire of,Collie,(08) 9734 9000,colshire@collie.wa.gov.au,www.collie.wa.gov.au
Shire of,Coolgardie,(08) 9080 2111,mail@coolgardie.wa.gov.au,www.coolgardie.wa.gov.au
Shire of,Coorow,(08) 9952 0100,admin@coorow.wa.gov.au,www.coorow.wa.gov.au
Shire of,Corrigin,(08) 9063 2203,shire@corrigin.wa.gov.au,www.corrigin.wa.gov.au
Town of,Cottesloe,(08) 9285 5000,town@cottesloe.wa.gov.au,www.cottesloe.wa.gov.au
Shire of,Cranbrook,(08) 9826 1008,admin@cranbrook.wa.gov.au,www.cranbrook.wa.gov.au
Shire of,Cuballing,(08) 9883 6031,enquiries@cuballing.wa.gov.au,www.cuballing.wa.gov.au
Shire of,Cue,(08) 9963 8600,shire@cue.wa.gov.au,www.cue.wa.gov.au
Shire of,Cunderdin,(08) 9635 2700,admin@cunderdin.wa.gov.au,www.cunderdin.wa.gov.au
Shire of,Dalwallinu,(08) 9661 0500,shire@dalwallinu.wa.gov.au,www.dalwallinu.wa.gov.au
Shire of,Dandaragan,(08) 9652 0800,council@dandaragan.wa.gov.au,www.dandaragan.wa.gov.au
Shire of,Dardanup,(08) 9724 0000,records@dardanup.wa.gov.au,www.dardanup.wa.gov.au
Shire of,Denmark,(08) 9848 0300,enquiries@denmark.wa.gov.au,www.denmark.wa.gov.au
Shire of,Derby-West Kimberley,(08) 9191 0999,sdwk@sdwk.wa.gov.au,www.sdwk.wa.gov.au
Shire of,Donnybrook-Balingup,(08) 9780 4200,shire@donnybrook.wa.gov.au,www.donnybrook-balingup.wa.gov.au
Shire of,Dowerin,(08) 9631 1202,dowshire@dowerin.wa.gov.au,www.dowerin.wa.gov.au
Shire of,Dumbleyung,(08) 9863 4012,ceo@dumbleyung.wa.gov.au,www.dumbleyung.wa.gov.au
Shire of,Dundas,(08) 9039 1205,shire@dundas.wa.gov.au,www.dundas.wa.gov.au
Town of,East Fremantle,(08) 9339 9339,admin@eastfremantle.wa.gov.au,www.eastfremantle.wa.gov.au
Shire of,East Pilbara,(08) 9175 8000,admin@eastpilbara.wa.gov.au,www.eastpilbara.wa.gov.au
Shire of,Esperance,(08) 9071 0666,shire@esperance.wa.gov.au,www.esperance.wa.gov.au
Shire of,Exmouth,(08) 9949 3000,info@exmouth.wa.gov.au,www.exmouth.wa.gov.au
City of,Fremantle,1300 693 736,info@fremantle.wa.gov.au,www.fremantle.wa.gov.au
Shire of,Gingin,(08) 9575 5100,mail@gingin.wa.gov.au,www.gingin.wa.gov.au
Shire of,Gnowangerup,(08) 9827 1007,gnpshire@gnowangerup.wa.gov.au,www.gnowangerup.wa.gov.au
Shire of,Goomalling,(08) 9629 1101,goshire@goomalling.wa.gov.au,www.goomalling.wa.gov.au
City of,Gosnells,(08) 9397 3000,council@gosnells.wa.gov.au,www.gosnells.wa.gov.au
City of,Greater Geraldton,(08) 9956 6600,council@cgg.wa.gov.au,www.cgg.wa.gov.au
Shire of,Halls Creek,(08) 9168 6007,hcshire@hcshire.wa.gov.au,www.hallscreek.wa.gov.au
Shire of,Harvey,(08) 9729 0300,shire@harvey.wa.gov.au,www.harvey.wa.gov.au
Shire of,Irwin,(08) 9927 0000,reception@irwin.wa.gov.au,www.irwin.wa.gov.au
Shire of,Jerramungup,(08) 9835 1022,council@jerramungup.wa.gov.au,www.jerramungup.wa.gov.au
City of,Joondalup,(08) 9400 4000,info@joondalup.wa.gov.au,www.joondalup.wa.gov.au
City of,Kalamunda,(08) 9257 9999,enquiries@kalamunda.wa.gov.au,www.kalamunda.wa.gov.au
City of,Kalgoorlie-Boulder,(08) 9021 9600,mailbag@ckb.wa.gov.au,www.ckb.wa.gov.au
City of,Karratha,(08) 9186 8555,enquiries@karratha.wa.gov.au,www.karratha.wa.gov.au
Shire of,Katanning,(08) 9821 9999,admin@katanning.wa.gov.au,www.katanning.wa.gov.au
Shire of,Kellerberrin,(08) 9045 4006,shire@kellerberrin.wa.gov.au,www.kellerberrin.wa.gov.au
Shire of,Kent,(08) 9829 1051,admin@kent.wa.gov.au,www.kent.wa.gov.au
Shire of,Kojonup,(08) 9831 2400,council@kojonup.wa.gov.au,www.kojonup.wa.gov.au
Shire of,Kondinin,(08) 9889 1006,enquires@kondinin.wa.gov.au,www.kondinin.wa.gov.au
Shire of,Koorda,(08) 9684 1219,shire@koorda.wa.gov.au,www.koorda.wa.gov.au
Shire of,Kulin,(08) 9880 1204,shire@kulin.wa.gov.au,www.kulin.wa.gov.au
City of,Kwinana,(08) 9439 0200,customer@kwinana.wa.gov.au,www.kwinana.wa.gov.au
Shire of,Lake Grace,(08) 9890 2500,shire@lakegrace.wa.gov.au,www.lakegrace.wa.gov.au
Shire of,Laverton,(08) 9031 1202,reception@laverton.wa.gov.au,www.laverton.wa.gov.au
Shire of,Leonora,(08) 9037 6044,admin@leonora.wa.gov.au,www.leonora.wa.gov.au
City of,Mandurah,(08) 9550 3777,council@mandurah.wa.gov.au,www.mandurah.wa.gov.au
Shire of,Manjimup,(08) 9771 7777,info@manjimup.wa.gov.au,www.manjimup.wa.gov.au
Shire of,Meekatharra,(08) 9980 0600,cso@meekashire.wa.gov.au,www.meekashire.wa.gov.au
City of,Melville,1300 635 845 | (08) 9364 0666,melinfo@melville.wa.gov.au,www.melvillecity.wa.gov.au
Shire of,Menzies,(08) 9024 2041,admin@menzies.wa.gov.au,www.menzies.wa.gov.au
Shire of,Merredin,(08) 9041 1611,admin@merredin.wa.gov.au,www.merredin.wa.gov.au
Shire of,Mingenew,(08) 9928 1102,enquiries@mingenew.wa.gov.au,www.mingenew.wa.gov.au
Shire of,Moora,(08) 9651 0000,shire@moora.wa.gov.au,www.moora.wa.gov.au
Shire of,Morawa,(08) 9971 1204,admin@morawa.wa.gov.au,www.morawa.wa.gov.au
Town of,Mosman Park,(08) 9383 6600,admin@mosmanpark.wa.gov.au,www.mosmanpark.wa.gov.au
Shire of,Mount Magnet,(08) 9963 3000,shire@mtmagnet.wa.gov.au,www.mtmagnet.wa.gov.au
Shire of,Mount Marshall,(08) 9685 1202,admin@mtmarshall.wa.gov.au,www.mtmarshall.wa.gov.au
Shire of,Mukinbudin,(08) 9047 2100,admin@mukinbudin.wa.gov.au,www.mukinbudin.wa.gov.au
Shire of,Mundaring,(08) 9290 6666,shire@mundaring.wa.gov.au,www.mundaring.wa.gov.au
Shire of,Murchison,(08) 9963 7999,admin@murchison.wa.gov.au,www.murchison.wa.gov.au
Shire of,Murray,(08) 9531 7777,mailbag@murray.wa.gov.au,www.murray.wa.gov.au
Shire of,Nannup,(08) 9756 1018,nannup@nannup.wa.gov.au,www.nannup.wa.gov.au
Shire of,Narembeen,(08) 9064 7308,admin@narembeen.wa.gov.au,www.narembeen.wa.gov.au
Shire of,Narrogin,(08) 9890 0900,enquiries@narrogin.wa.gov.au,www.narrogin.wa.gov.au
City of,Nedlands,(08) 9273 3500,council@nedlands.wa.gov.au,www.nedlands.wa.gov.au
Shire of,Ngaanyatjarraku,(08) 8956 7966,mail@ngaanyatjarraku.wa.gov.au,www.ngaanyatjarraku.wa.gov.au
Shire of,Northam,(08) 9622 6100,records@northam.wa.gov.au,www.northam.wa.gov.au
Shire of,Northampton,(08) 9934 1202,council@northampton.wa.gov.au,www.northampton.wa.gov.au
Shire of,Nungarin,(08) 9046 5006,admin@nungarin.wa.gov.au,www.nungarin.wa.gov.au
Shire of,Peppermint Grove,(08) 9286 8600,admin@peppermintgrove.wa.gov.au,www.peppermintgrove.wa.gov.au
Shire of,Perenjori,(08) 9973 0100,reception@perenjori.wa.gov.au,www.perenjori.wa.gov.au
City of,Perth,(08) 9461 3333,info@cityofperth.wa.gov.au,www.perth.wa.gov.au
Shire of,Pingelly,(08) 9887 1066,admin@pingelly.wa.gov.au,www.pingelly.wa.gov.au
Shire of,Plantagenet,(08) 9892 1111,info@sop.wa.gov.au,www.plantagenet.wa.gov.au
Town of,Port Hedland,(08) 9158 9300,council@porthedland.wa.gov.au,www.porthedland.wa.gov.au
Shire of,Quairading,(08) 9645 2400,shire@quairading.wa.gov.au,www.quairading.wa.gov.au
Shire of,Ravensthorpe,(08) 9839 0000,shire@ravensthorpe.wa.gov.au,www.ravensthorpe.wa.gov.au
City of,Rockingham,(08) 9528 0333,customer@rockingham.wa.gov.au,www.rockingham.wa.gov.au
Shire of,Sandstone,(08) 9963 5802,reception@sandstone.wa.gov.au,www.sandstone.wa.gov.au
Shire of,Serpentine Jarrahdale,(08) 9526 1111,info@sjshire.wa.gov.au,www.sjshire.wa.gov.au
Shire of,Shark Bay,(08) 9948 1218,admin@sharkbay.wa.gov.au,www.sharkbay.wa.gov.au
City of,South Perth,(08) 9474 0777,enquiries@southperth.wa.gov.au,www.southperth.wa.gov.au
City of,Stirling,(08) 9205 8555,stirling@stirling.wa.gov.au,www.stirling.wa.gov.au
City of,Subiaco,(08) 9237 9222,city@subiaco.wa.gov.au,www.subiaco.wa.gov.au
City of,Swan,(08) 9267 9267,swan@swan.wa.gov.au,www.swan.wa.gov.au
Shire of,Tammin,(08) 9637 0300,shire@tammin.wa.gov.au,www.tammin.wa.gov.au
Shire of,Three Springs,(08) 9954 1001,general@threesprings.wa.gov.au,www.threesprings.wa.gov.au
Shire of,Toodyay,(08) 9574 9300,records@toodyay.wa.gov.au,www.toodyay.wa.gov.au
Shire of,Trayning,(08) 9683 1001,admin@trayning.wa.gov.au,www.trayning.wa.gov.au
Shire of,Upper Gascoyne,(08) 9943 0988,admin@uppergascoyne.wa.gov.au,www.uppergascoyne.wa.gov.au
Town of,Victoria Park,(08) 9311 8111,admin@vicpark.wa.gov.au,www.victoriapark.wa.gov.au
Shire of,Victoria Plains,(08) 9628 7004,reception@victoriaplains.wa.gov.au,www.victoriaplains.wa.gov.au
City of,Vincent,(08) 9273 6000,mail@vincent.wa.gov.au,www.vincent.wa.gov.au
Shire of,Wagin,(08) 9861 1177,shire@wagin.wa.gov.au,www.wagin.wa.gov.au
Shire of,Wandering,(08) 6828 1800,reception@wandering.wa.gov.au,www.wandering.wa.gov.au
City of,Wanneroo,(08) 9405 5000,enquiries@wanneroo.wa.gov.au,www.wanneroo.wa.gov.au
Shire of,Waroona,(08) 9733 7800,warshire@waroona.wa.gov.au,www.waroona.wa.gov.au
Shire of,West Arthur,(08) 9736 2400,shire@westarthur.wa.gov.au,www.westarthur.wa.gov.au
Shire of,Westonia,(08) 9046 7063,shire@westonia.wa.gov.au,www.westonia.wa.gov.au
Shire of,Wickepin,(08) 9888 1005,admin@wickepin.wa.gov.au,www.wickepin.wa.gov.au
Shire of,Williams,(08) 9885 1005,shire@williams.wa.gov.au,www.williams.wa.gov.au
Shire of,Wiluna,(08) 9981 8000,reception@wiluna.wa.gov.au,www.wiluna.wa.gov.au
Shire of,Wongan-Ballidu,(08) 9671 2500,shire@wongan.wa.gov.au,www.wongan.wa.gov.au
Shire of,Woodanilling,(08) 9823 1506,shire@woodanilling.wa.gov.au,www.woodanilling.wa.gov.au
Shire of,Wyalkatchem,(08) 9681 1166,general@wyalkatchem.wa.gov.au,www.wyalkatchem.wa.gov.au
Shire of,Wyndham-East Kimberley,(08) 9168 4100,mail@swek.wa.gov.au,www.swek.wa.gov.au
Shire of,Yalgoo,(08) 9962 8042,pa@yalgoo.wa.gov.au,www.yalgoo.wa.gov.au
Shire of,Yilgarn,(08) 9049 1001,yilgarn@yilgarn.wa.gov.au,www.yilgarn.wa.gov.au
Shire of,York,(08) 9641 0500,records@york.wa.gov.au,www.york.wa.gov.au